patient_id,mutation_status,num_msi_mutations,msi_genes_affected,mutations,age,outcome,survival_time,stage
TCGA-3L-AA1B,MSS,0,,,61.0,0:LIVING,15.61,Stage I
TCGA-4N-A93T,MSS,0,,,67.0,0:LIVING,4.8,Stage IIIB
TCGA-4T-AA8H,MSS,0,,,42.0,0:LIVING,12.65,Stage IIA
TCGA-5M-AAT4,MSS,0,,,74.0,1:DECEASED,1.61,Stage IV
TCGA-5M-AAT5,MSS,0,,,,,,
TCGA-5M-AAT6,MSS,0,,,40.0,1:DECEASED,9.53,Stage IV
TCGA-5M-AATE,MSS,0,,,76.0,0:LIVING,39.42,Stage IIA
TCGA-A6-2671,MSS,0,,,85.0,1:DECEASED,43.73,Stage IV
TCGA-A6-2672,MSS,0,,,82.0,0:LIVING,46.62,Stage IIIB
TCGA-A6-2674,MSS,0,,,71.0,0:LIVING,43.73,Stage IV
TCGA-A6-2676,MSI,1,EPCAM,"[{""gene"": ""EPCAM"", ""mutation_type"": ""In_Frame_Del"", ""protein_change"": ""V285del"", ""variant_type"": ""DEL"", ""reference_allele"": ""TTG"", ""variant_allele"": ""-"", ""chromosome"": ""2"", ""start_position"": 47607098, ""end_position"": 47607100, ""sample_id"": ""TCGA-A6-2676-01""}]",75.0,1:DECEASED,42.87,Stage IIB
TCGA-A6-2677,MSS,0,,,68.0,1:DECEASED,24.31,Stage IIIC
TCGA-A6-2678,MSS,0,,,43.0,0:LIVING,42.25,Stage IIIB
TCGA-A6-2679,MSS,0,,,73.0,0:LIVING,44.88,Stage IIB
TCGA-A6-2680,MSS,0,,,72.0,0:LIVING,35.09,Stage II
TCGA-A6-2681,MSS,0,,,73.0,0:LIVING,45.57,Stage IIA
TCGA-A6-2682,MSS,0,,,70.0,1:DECEASED,13.93,Stage IV
TCGA-A6-2683,MSS,0,,,57.0,1:DECEASED,16.56,Stage IV
TCGA-A6-2684,MSS,0,,,75.0,0:LIVING,37.02,Stage I
TCGA-A6-2685,MSS,0,,,48.0,0:LIVING,37.22,Stage IIA
TCGA-A6-2686,MSS,0,,,81.0,1:DECEASED,36.99,Stage IIA
TCGA-A6-3807,MSS,0,,,53.0,0:LIVING,34.63,Stage IIIC
TCGA-A6-3808,MSS,0,,,73.0,0:LIVING,33.31,Stage IIA
TCGA-A6-3809,MSS,0,,,71.0,0:LIVING,32.72,Stage IIB
TCGA-A6-3810,MSS,0,,,62.0,0:LIVING,36.5,Stage IIA
TCGA-A6-4107,MSS,0,,,57.0,0:LIVING,32.42,Stage IIIB
TCGA-A6-5657,MSS,0,,,65.0,0:LIVING,31.6,Stage IIIB
TCGA-A6-5659,MSS,0,,,82.0,0:LIVING,30.42,Stage I
TCGA-A6-5660,MSS,0,,,73.0,0:LIVING,29.17,Stage IIIC
TCGA-A6-5661,MSS,0,,,80.0,0:LIVING,33.51,Stage IIA
TCGA-A6-5662,MSS,0,,,46.0,0:LIVING,23.59,Stage IVA
TCGA-A6-5664,MSS,0,,,80.0,0:LIVING,22.08,Stage IIIC
TCGA-A6-5665,MSS,0,,,84.0,0:LIVING,22.04,Stage IIA
TCGA-A6-5666,MSS,0,,,78.0,0:LIVING,32.69,Stage IIC
TCGA-A6-5667,MSS,0,,,40.0,0:LIVING,29.14,Stage IIIB
TCGA-A6-6137,MSS,0,,,55.0,0:LIVING,27.07,Stage IIIB
TCGA-A6-6138,MSS,0,,,61.0,0:LIVING,22.5,Stage I
TCGA-A6-6140,MSS,0,,,62.0,0:LIVING,24.11,Stage IIA
TCGA-A6-6141,MSS,0,,,31.0,0:LIVING,8.38,Stage IIA
TCGA-A6-6142,MSS,0,,,56.0,0:LIVING,25.07,Stage IVA
TCGA-A6-6648,MSS,0,,,56.0,0:LIVING,25.16,Stage IVA
TCGA-A6-6649,MSS,0,,,66.0,0:LIVING,24.15,Stage IIIB
TCGA-A6-6651,MSS,0,,,55.0,0:LIVING,21.75,Stage IIIB
TCGA-A6-6652,MSS,0,,,59.0,0:LIVING,24.67,Stage IVA
TCGA-A6-6654,MSS,0,,,65.0,0:LIVING,23.85,Stage IIIB
TCGA-A6-A565,MSS,0,,,34.0,1:DECEASED,16.23,Stage IIIC
TCGA-A6-A566,MSS,0,,,55.0,1:DECEASED,24.9,Stage IIIB
TCGA-A6-A567,MSS,0,,,56.0,1:DECEASED,61.79,Stage IV
TCGA-A6-A56B,MSS,0,,,57.0,1:DECEASED,56.21,Stage IIIB
TCGA-A6-A5ZU,MSS,0,,,59.0,0:LIVING,9.63,Stage IIIB
TCGA-AA-3514,MSS,0,,,81.0,0:LIVING,1.02,Stage I
TCGA-AA-3516,MSS,0,,,74.0,1:DECEASED,13.01,Stage III
TCGA-AA-3517,MSS,0,,,60.0,0:LIVING,38.96,Stage IIA
TCGA-AA-3518,MSS,0,,,81.0,0:LIVING,1.02,Stage IIA
TCGA-AA-3519,MSS,0,,,63.0,0:LIVING,9.07,Stage III
TCGA-AA-3520,MSS,0,,,86.0,0:LIVING,24.01,Stage II
TCGA-AA-3521,MSS,0,,,87.0,0:LIVING,,Stage II
TCGA-AA-3522,MSS,0,,,67.0,0:LIVING,37.02,Stage IIA
TCGA-AA-3524,MSS,0,,,85.0,0:LIVING,36.01,Stage II
TCGA-AA-3525,MSI,2,"MSH3, MSH6","[{""gene"": ""MSH6"", ""mutation_type"": ""Missense_Mutation"", ""protein_change"": ""R1095H"", ""variant_type"": ""SNP"", ""reference_allele"": ""G"", ""variant_allele"": ""A"", ""chromosome"": ""2"", ""start_position"": 48030670, ""end_position"": 48030670, ""sample_id"": ""TCGA-AA-3525-01""}, {""gene"": ""MSH3"", ""mutation_type"": ""Missense_Mutation"", ""protein_change"": ""Y334F"", ""variant_type"": ""SNP"", ""reference_allele"": ""A"", ""variant_allele"": ""T"", ""chromosome"": ""5"", ""start_position"": 79968651, ""end_position"": 79968651, ""sample_id"": ""TCGA-AA-3525-01""}]",90.0,0:LIVING,8.05,Stage IIIB
TCGA-AA-3526,MSS,0,,,57.0,0:LIVING,19.05,Stage I
TCGA-AA-3527,MSS,0,,,90.0,0:LIVING,0.0,Stage IIA
TCGA-AA-3529,MSS,0,,,78.0,1:DECEASED,0.0,Stage IIIC
TCGA-AA-3530,MSS,0,,,80.0,0:LIVING,19.05,Stage I
TCGA-AA-3531,MSS,0,,,75.0,0:LIVING,34.0,Stage IIA
TCGA-AA-3532,MSS,0,,,63.0,0:LIVING,28.98,Stage IIA
TCGA-AA-3534,MSS,0,,,78.0,0:LIVING,28.98,Stage IIA
TCGA-AA-3538,MSI,1,MLH3,"[{""gene"": ""MLH3"", ""mutation_type"": ""Missense_Mutation"", ""protein_change"": ""R1098K"", ""variant_type"": ""SNP"", ""reference_allele"": ""C"", ""variant_allele"": ""T"", ""chromosome"": ""14"", ""start_position"": 75509168, ""end_position"": 75509168, ""sample_id"": ""TCGA-AA-3538-01""}]",54.0,0:LIVING,25.99,Stage I
TCGA-AA-3542,MSS,0,,,69.0,0:LIVING,12.98,Stage IIIC
TCGA-AA-3543,MSS,0,,,84.0,0:LIVING,0.99,Stage I
TCGA-AA-3544,MSI,1,MSH3,"[{""gene"": ""MSH3"", ""mutation_type"": ""Missense_Mutation"", ""protein_change"": ""L678F"", ""variant_type"": ""SNP"", ""reference_allele"": ""C"", ""variant_allele"": ""T"", ""chromosome"": ""5"", ""start_position"": 80063887, ""end_position"": 80063887, ""sample_id"": ""TCGA-AA-3544-01""}]",68.0,0:LIVING,13.99,Stage I
TCGA-AA-3548,MSS,0,,,71.0,0:LIVING,33.97,Stage IIIC
TCGA-AA-3549,MSS,0,,,69.0,0:LIVING,20.99,Stage I
TCGA-AA-3552,MSS,0,,,85.0,1:DECEASED,13.01,Stage IIIC
TCGA-AA-3553,MSS,0,,,61.0,0:LIVING,23.98,Stage I
TCGA-AA-3554,MSS,0,,,62.0,0:LIVING,17.94,Stage IIA
TCGA-AA-3555,MSS,0,,,81.0,0:LIVING,29.93,Stage IIA
TCGA-AA-3556,MSS,0,,,78.0,0:LIVING,23.0,Stage I
TCGA-AA-3558,MSS,0,,,70.0,0:LIVING,20.96,Stage I
TCGA-AA-3560,MSS,0,,,72.0,0:LIVING,19.97,Stage IIIC
TCGA-AA-3561,MSS,0,,,72.0,0:LIVING,13.93,Stage IIA
TCGA-AA-3562,MSS,0,,,82.0,0:LIVING,19.97,Stage IIIC
TCGA-AA-3664,MSS,0,,,74.0,0:LIVING,53.98,Stage II
TCGA-AA-3666,MSS,0,,,68.0,1:DECEASED,2.0,Stage III
TCGA-AA-3667,MSS,0,,,36.0,0:LIVING,13.99,Stage I
TCGA-AA-3672,MSI,1,MSH3,"[{""gene"": ""MSH3"", ""mutation_type"": ""Missense_Mutation"", ""protein_change"": ""V250M"", ""variant_type"": ""SNP"", ""reference_allele"": ""G"", ""variant_allele"": ""A"", ""chromosome"": ""5"", ""start_position"": 79966084, ""end_position"": 79966084, ""sample_id"": ""TCGA-AA-3672-01""}]",90.0,0:LIVING,0.92,Stage III
TCGA-AA-3673,MSS,0,,,53.0,0:LIVING,50.0,Stage II
TCGA-AA-3675,MSS,0,,,84.0,0:LIVING,47.01,Stage II
TCGA-AA-3678,MSS,0,,,60.0,0:LIVING,46.98,Stage III
TCGA-AA-3679,MSS,0,,,59.0,0:LIVING,15.01,Stage IV
TCGA-AA-3680,MSS,0,,,67.0,1:DECEASED,11.01,Stage IV
TCGA-AA-3681,MSS,0,,,77.0,0:LIVING,5.98,Stage III
TCGA-AA-3684,MSS,0,,,65.0,0:LIVING,0.0,Stage IV
TCGA-AA-3685,MSS,0,,,69.0,0:LIVING,37.02,Stage II
TCGA-AA-3688,MSS,0,,,80.0,0:LIVING,18.99,Stage IV
TCGA-AA-3692,MSS,0,,,47.0,1:DECEASED,35.97,Stage IV
TCGA-AA-3693,MSS,0,,,77.0,0:LIVING,0.0,Stage IV
TCGA-AA-3695,MSS,0,,,63.0,0:LIVING,0.0,Stage IV
TCGA-AA-3696,MSS,0,,,75.0,1:DECEASED,5.03,Stage IV
TCGA-AA-3710,MSI,1,MSH6,"[{""gene"": ""MSH6"", ""mutation_type"": ""Nonsense_Mutation"", ""protein_change"": ""R1331*"", ""variant_type"": ""SNP"", ""reference_allele"": ""C"", ""variant_allele"": ""T"", ""chromosome"": ""2"", ""start_position"": 48033780, ""end_position"": 48033780, ""sample_id"": ""TCGA-AA-3710-01""}]",80.0,0:LIVING,26.97,Stage IIA
TCGA-AA-3715,MSI,4,"MLH1, MSH6","[{""gene"": ""MSH6"", ""mutation_type"": ""Missense_Mutation"", ""protein_change"": ""A457D"", ""variant_type"": ""SNP"", ""reference_allele"": ""C"", ""variant_allele"": ""A"", ""chromosome"": ""2"", ""start_position"": 48026492, ""end_position"": 48026492, ""sample_id"": ""TCGA-AA-3715-01""}, {""gene"": ""MSH6"", ""mutation_type"": ""Missense_Mutation"", ""protein_change"": ""R1095H"", ""variant_type"": ""SNP"", ""reference_allele"": ""G"", ""variant_allele"": ""A"", ""chromosome"": ""2"", ""start_position"": 48030670, ""end_position"": 48030670, ""sample_id"": ""TCGA-AA-3715-01""}, {""gene"": ""MLH1"", ""mutation_type"": ""Missense_Mutation"", ""protein_change"": ""R9Q"", ""variant_type"": ""SNP"", ""reference_allele"": ""G"", ""variant_allele"": ""A"", ""chromosome"": ""3"", ""start_position"": 37035064, ""end_position"": 37035064, ""sample_id"": ""TCGA-AA-3715-01""}, {""gene"": ""MLH1"", ""mutation_type"": ""Missense_Mutation"", ""protein_change"": ""L590I"", ""variant_type"": ""SNP"", ""reference_allele"": ""T"", ""variant_allele"": ""A"", ""chromosome"": ""3"", ""start_position"": 37089046, ""end_position"": 37089046, ""sample_id"": ""TCGA-AA-3715-01""}]",77.0,1:DECEASED,19.02,Stage II
TCGA-AA-3812,MSS,0,,,82.0,0:LIVING,35.02,Stage IIA
TCGA-AA-3814,MSS,0,,,85.0,0:LIVING,0.0,Stage IIA
TCGA-AA-3818,MSS,0,,,78.0,1:DECEASED,0.99,Stage IIA
TCGA-AA-3819,MSS,0,,,41.0,0:LIVING,25.0,Stage IIA
TCGA-AA-3821,MSI,1,PMS1,"[{""gene"": ""PMS1"", ""mutation_type"": ""Frame_Shift_Del"", ""protein_change"": ""N469Mfs*7"", ""variant_type"": ""DEL"", ""reference_allele"": ""A"", ""variant_allele"": ""-"", ""chromosome"": ""2"", ""start_position"": 190719401, ""end_position"": 190719401, ""sample_id"": ""TCGA-AA-3821-01""}]",81.0,0:LIVING,1.02,Stage I
TCGA-AA-3831,MSS,0,,,66.0,0:LIVING,17.97,Stage IIA
TCGA-AA-3833,MSS,0,,,63.0,0:LIVING,15.93,Stage IIA
TCGA-AA-3837,MSS,0,,,67.0,0:LIVING,38.96,Stage IIA
TCGA-AA-3841,MSS,0,,,66.0,0:LIVING,36.93,Stage IIA
TCGA-AA-3842,MSS,0,,,51.0,0:LIVING,36.99,Stage IIIA
TCGA-AA-3844,MSS,0,,,78.0,0:LIVING,14.91,Stage IIIC
TCGA-AA-3845,MSS,0,,,86.0,1:DECEASED,0.0,Stage IIA
TCGA-AA-3846,MSS,0,,,74.0,0:LIVING,17.02,Stage IIA
TCGA-AA-3848,MSS,0,,,82.0,1:DECEASED,10.05,Stage IIIC
TCGA-AA-3851,MSS,0,,,74.0,0:LIVING,33.05,Stage IIA
TCGA-AA-3852,MSS,0,,,88.0,1:DECEASED,0.0,Stage IIA
TCGA-AA-3854,MSS,0,,,71.0,0:LIVING,36.01,Stage I
TCGA-AA-3855,MSS,0,,,72.0,0:LIVING,32.03,Stage I
TCGA-AA-3858,MSS,0,,,67.0,0:LIVING,31.04,Stage I
TCGA-AA-3860,MSS,0,,,53.0,0:LIVING,31.04,Stage IIIB
TCGA-AA-3861,MSS,0,,,72.0,0:LIVING,30.03,Stage IIA
TCGA-AA-3862,MSS,0,,,82.0,0:LIVING,30.03,Stage IIA
TCGA-AA-3864,MSI,3,"PMS2, MLH1, MLH3","[{""gene"": ""MLH1"", ""mutation_type"": ""Missense_Mutation"", ""protein_change"": ""R217C"", ""variant_type"": ""SNP"", ""reference_allele"": ""C"", ""variant_allele"": ""T"", ""chromosome"": ""3"", ""start_position"": 37053562, ""end_position"": 37053562, ""sample_id"": ""TCGA-AA-3864-01""}, {""gene"": ""PMS2"", ""mutation_type"": ""Nonsense_Mutation"", ""protein_change"": ""R421*"", ""variant_type"": ""SNP"", ""reference_allele"": ""G"", ""variant_allele"": ""A"", ""chromosome"": ""7"", ""start_position"": 6027135, ""end_position"": 6027135, ""sample_id"": ""TCGA-AA-3864-01""}, {""gene"": ""MLH3"", ""mutation_type"": ""Missense_Mutation"", ""protein_change"": ""A36D"", ""variant_type"": ""SNP"", ""reference_allele"": ""G"", ""variant_allele"": ""T"", ""chromosome"": ""14"", ""start_position"": 75516252, ""end_position"": 75516252, ""sample_id"": ""TCGA-AA-3864-01""}]",71.0,0:LIVING,52.96,Stage II
TCGA-AA-3866,MSS,0,,,78.0,0:LIVING,17.02,Stage I
TCGA-AA-3867,MSS,0,,,74.0,0:LIVING,24.01,Stage IV
TCGA-AA-3869,MSS,0,,,76.0,1:DECEASED,27.0,Stage IV
TCGA-AA-3870,MSS,0,,,71.0,0:LIVING,29.96,Stage IV
TCGA-AA-3872,MSS,0,,,45.0,0:LIVING,0.0,Stage IV
TCGA-AA-3875,MSS,0,,,78.0,0:LIVING,18.04,Stage I
TCGA-AA-3930,MSS,0,,,66.0,1:DECEASED,2.0,Stage IV
TCGA-AA-3939,MSS,0,,,83.0,0:LIVING,12.98,Stage IIA
TCGA-AA-3941,MSS,0,,,84.0,0:LIVING,23.98,Stage IVA
TCGA-AA-3947,MSS,0,,,60.0,0:LIVING,32.98,Stage IIB
TCGA-AA-3949,MSI,1,MSH6,"[{""gene"": ""MSH6"", ""mutation_type"": ""Missense_Mutation"", ""protein_change"": ""R361H"", ""variant_type"": ""SNP"", ""reference_allele"": ""G"", ""variant_allele"": ""A"", ""chromosome"": ""2"", ""start_position"": 48026204, ""end_position"": 48026204, ""sample_id"": ""TCGA-AA-3949-01""}]",87.0,0:LIVING,25.99,Stage IIIB
TCGA-AA-3950,MSS,0,,,79.0,0:LIVING,23.98,Stage IIA
TCGA-AA-3952,MSS,0,,,68.0,1:DECEASED,2.0,Stage IIIC
TCGA-AA-3955,MSS,0,,,38.0,0:LIVING,20.96,Stage IIIB
TCGA-AA-3956,MSS,0,,,65.0,0:LIVING,34.0,Stage IIA
TCGA-AA-3966,MSS,0,,,89.0,0:LIVING,2.0,Stage IIA
TCGA-AA-3967,MSS,0,,,77.0,0:LIVING,30.98,Stage IIIB
TCGA-AA-3968,MSS,0,,,55.0,0:LIVING,21.98,Stage I
TCGA-AA-3970,MSS,0,,,65.0,0:LIVING,36.01,Stage IIA
TCGA-AA-3971,MSS,0,,,58.0,0:LIVING,16.06,Stage III
TCGA-AA-3972,MSS,0,,,72.0,0:LIVING,50.95,Stage IV
TCGA-AA-3973,MSS,0,,,69.0,0:LIVING,13.04,Stage IV
TCGA-AA-3975,MSS,0,,,80.0,0:LIVING,34.03,Stage I
TCGA-AA-3977,MSI,3,"MSH2, MSH6","[{""gene"": ""MSH6"", ""mutation_type"": ""Missense_Mutation"", ""protein_change"": ""R922Q"", ""variant_type"": ""SNP"", ""reference_allele"": ""G"", ""variant_allele"": ""A"", ""chromosome"": ""2"", ""start_position"": 48027887, ""end_position"": 48027887, ""sample_id"": ""TCGA-AA-3977-01""}, {""gene"": ""MSH6"", ""mutation_type"": ""Missense_Mutation"", ""protein_change"": ""A175T"", ""variant_type"": ""SNP"", ""reference_allele"": ""G"", ""variant_allele"": ""A"", ""chromosome"": ""2"", ""start_position"": 48023098, ""end_position"": 48023098, ""sample_id"": ""TCGA-AA-3977-01""}, {""gene"": ""MSH2"", ""mutation_type"": ""Missense_Mutation"", ""protein_change"": ""M83I"", ""variant_type"": ""SNP"", ""reference_allele"": ""G"", ""variant_allele"": ""T"", ""chromosome"": ""2"", ""start_position"": 47635577, ""end_position"": 47635577, ""sample_id"": ""TCGA-AA-3977-01""}]",65.0,0:LIVING,25.0,
TCGA-AA-3979,MSS,0,,,84.0,0:LIVING,23.98,Stage IIA
TCGA-AA-3980,MSS,0,,,89.0,0:LIVING,27.0,Stage I
TCGA-AA-3982,MSS,0,,,75.0,0:LIVING,27.0,Stage IIIB
TCGA-AA-3986,MSS,0,,,73.0,0:LIVING,19.05,Stage I
TCGA-AA-3989,MSS,0,,,84.0,1:DECEASED,7.95,Stage IV
TCGA-AA-3994,MSS,0,,,69.0,0:LIVING,27.0,Stage IIIB
TCGA-AA-A004,MSS,0,,,76.0,0:LIVING,13.93,Stage IIA
TCGA-AA-A00E,MSS,0,,,65.0,0:LIVING,29.99,Stage IIA
TCGA-AA-A00F,MSS,0,,,66.0,0:LIVING,34.0,Stage IIIC
TCGA-AA-A00J,MSS,0,,,80.0,0:LIVING,18.04,Stage IIIB
TCGA-AA-A00K,MSS,0,,,79.0,0:LIVING,18.04,Stage IIA
TCGA-AA-A00L,MSS,0,,,66.0,0:LIVING,38.01,Stage IIA
TCGA-AA-A00N,MSI,3,"MSH2, MSH6","[{""gene"": ""MSH6"", ""mutation_type"": ""Missense_Mutation"", ""protein_change"": ""K185T"", ""variant_type"": ""SNP"", ""reference_allele"": ""A"", ""variant_allele"": ""C"", ""chromosome"": ""2"", ""start_position"": 48023129, ""end_position"": 48023129, ""sample_id"": ""TCGA-AA-A00N-01""}, {""gene"": ""MSH6"", ""mutation_type"": ""Nonsense_Mutation"", ""protein_change"": ""E946*"", ""variant_type"": ""SNP"", ""reference_allele"": ""G"", ""variant_allele"": ""T"", ""chromosome"": ""2"", ""start_position"": 48027958, ""end_position"": 48027958, ""sample_id"": ""TCGA-AA-A00N-01""}, {""gene"": ""MSH2"", ""mutation_type"": ""Nonsense_Mutation"", ""protein_change"": ""E580*"", ""variant_type"": ""SNP"", ""reference_allele"": ""G"", ""variant_allele"": ""T"", ""chromosome"": ""2"", ""start_position"": 47698180, ""end_position"": 47698180, ""sample_id"": ""TCGA-AA-A00N-01""}]",75.0,1:DECEASED,4.01,Stage IIB
TCGA-AA-A00O,MSS,0,,,83.0,0:LIVING,27.0,Stage IIIC
TCGA-AA-A00Q,MSS,0,,,66.0,0:LIVING,41.98,Stage IIIB
TCGA-AA-A00R,MSS,0,,,64.0,0:LIVING,0.99,Stage I
TCGA-AA-A00U,MSS,0,,,50.0,0:LIVING,17.02,Stage IIIB
TCGA-AA-A00W,MSS,0,,,80.0,0:LIVING,14.98,Stage I
TCGA-AA-A00Z,MSS,0,,,70.0,0:LIVING,21.98,Stage IIA
TCGA-AA-A010,MSI,8,"PMS1, MSH3, MSH2, MLH3, PMS2, MSH6","[{""gene"": ""MSH6"", ""mutation_type"": ""Nonsense_Mutation"", ""protein_change"": ""E1322*"", ""variant_type"": ""SNP"", ""reference_allele"": ""G"", ""variant_allele"": ""T"", ""chromosome"": ""2"", ""start_position"": 48033753, ""end_position"": 48033753, ""sample_id"": ""TCGA-AA-A010-01""}, {""gene"": ""MSH6"", ""mutation_type"": ""Nonsense_Mutation"", ""protein_change"": ""E946*"", ""variant_type"": ""SNP"", ""reference_allele"": ""G"", ""variant_allele"": ""T"", ""chromosome"": ""2"", ""start_position"": 48027958, ""end_position"": 48027958, ""sample_id"": ""TCGA-AA-A010-01""}, {""gene"": ""MSH2"", ""mutation_type"": ""Missense_Mutation"", ""protein_change"": ""K550T"", ""variant_type"": ""SNP"", ""reference_allele"": ""A"", ""variant_allele"": ""C"", ""chromosome"": ""2"", ""start_position"": 47693935, ""end_position"": 47693935, ""sample_id"": ""TCGA-AA-A010-01""}, {""gene"": ""MSH3"", ""mutation_type"": ""Missense_Mutation"", ""protein_change"": ""E269G"", ""variant_type"": ""SNP"", ""reference_allele"": ""A"", ""variant_allele"": ""G"", ""chromosome"": ""5"", ""start_position"": 79968076, ""end_position"": 79968076, ""sample_id"": ""TCGA-AA-A010-01""}, {""gene"": ""MSH3"", ""mutation_type"": ""Missense_Mutation"", ""protein_change"": ""K757N"", ""variant_type"": ""SNP"", ""reference_allele"": ""G"", ""variant_allele"": ""T"", ""chromosome"": ""5"", ""start_position"": 80071530, ""end_position"": 80071530, ""sample_id"": ""TCGA-AA-A010-01""}, {""gene"": ""PMS1"", ""mutation_type"": ""Nonsense_Mutation"", ""protein_change"": ""E231*"", ""variant_type"": ""SNP"", ""reference_allele"": ""G"", ""variant_allele"": ""T"", ""chromosome"": ""2"", ""start_position"": 190708798, ""end_position"": 190708798, ""sample_id"": ""TCGA-AA-A010-01""}, {""gene"": ""PMS2"", ""mutation_type"": ""Missense_Mutation"", ""protein_change"": ""K301Q"", ""variant_type"": ""SNP"", ""reference_allele"": ""T"", ""variant_allele"": ""G"", ""chromosome"": ""7"", ""start_position"": 6035167, ""end_position"": 6035167, ""sample_id"": ""TCGA-AA-A010-01""}, {""gene"": ""MLH3"", ""mutation_type"": ""Missense_Mutation"", ""protein_change"": ""K345N"", ""variant_type"": ""SNP"", ""reference_allele"": ""T"", ""variant_allele"": ""G"", ""chromosome"": ""14"", ""start_position"": 75515324, ""end_position"": 75515324, ""sample_id"": ""TCGA-AA-A010-01""}]",46.0,0:LIVING,34.95,Stage IIB
TCGA-AA-A017,MSS,0,,,57.0,0:LIVING,15.01,Stage IIA
TCGA-AA-A01C,MSS,0,,,75.0,0:LIVING,15.01,Stage IIIA
TCGA-AA-A01F,MSS,0,,,72.0,0:LIVING,32.0,Stage IIIB
TCGA-AA-A01G,MSS,0,,,63.0,0:LIVING,11.99,Stage IIA
TCGA-AA-A01I,MSS,0,,,76.0,0:LIVING,30.98,Stage I
TCGA-AA-A01K,MSS,0,,,74.0,0:LIVING,30.98,Stage IIIC
TCGA-AA-A01P,MSI,1,MLH1,"[{""gene"": ""MLH1"", ""mutation_type"": ""Missense_Mutation"", ""protein_change"": ""D41Y"", ""variant_type"": ""SNP"", ""reference_allele"": ""G"", ""variant_allele"": ""T"", ""chromosome"": ""3"", ""start_position"": 37038114, ""end_position"": 37038114, ""sample_id"": ""TCGA-AA-A01P-01""}]",80.0,1:DECEASED,38.04,Stage III
TCGA-AA-A01Q,MSS,0,,,48.0,0:LIVING,1.02,Stage II
TCGA-AA-A01R,MSI,2,PMS2,"[{""gene"": ""PMS2"", ""mutation_type"": ""Missense_Mutation"", ""protein_change"": ""D756N"", ""variant_type"": ""SNP"", ""reference_allele"": ""C"", ""variant_allele"": ""T"", ""chromosome"": ""7"", ""start_position"": 6018236, ""end_position"": 6018236, ""sample_id"": ""TCGA-AA-A01R-01""}, {""gene"": ""PMS2"", ""mutation_type"": ""Nonsense_Mutation"", ""protein_change"": ""R211*"", ""variant_type"": ""SNP"", ""reference_allele"": ""G"", ""variant_allele"": ""A"", ""chromosome"": ""7"", ""start_position"": 6038813, ""end_position"": 6038813, ""sample_id"": ""TCGA-AA-A01R-01""}]",47.0,0:LIVING,34.99,Stage III
TCGA-AA-A01S,MSS,0,,,47.0,0:LIVING,1.02,Stage III
TCGA-AA-A01X,MSS,0,,,80.0,0:LIVING,25.99,Stage III
TCGA-AA-A022,MSS,0,,,88.0,0:LIVING,0.0,Stage II
TCGA-AA-A024,MSS,0,,,81.0,1:DECEASED,39.03,Stage II
TCGA-AA-A02E,MSS,0,,,82.0,1:DECEASED,2.96,Stage IV
TCGA-AA-A02F,MSS,0,,,68.0,0:LIVING,39.95,Stage IV
TCGA-AA-A02H,MSS,0,,,74.0,1:DECEASED,2.0,Stage IV
TCGA-AA-A02J,MSI,1,MLH1,"[{""gene"": ""MLH1"", ""mutation_type"": ""Missense_Mutation"", ""protein_change"": ""E703A"", ""variant_type"": ""SNP"", ""reference_allele"": ""A"", ""variant_allele"": ""C"", ""chromosome"": ""3"", ""start_position"": 37091981, ""end_position"": 37091981, ""sample_id"": ""TCGA-AA-A02J-01""}]",70.0,1:DECEASED,5.03,Stage IV
TCGA-AA-A02K,MSS,0,,,50.0,1:DECEASED,13.99,Stage IV
TCGA-AA-A02O,MSS,0,,,82.0,0:LIVING,0.92,Stage II
TCGA-AA-A02R,MSS,0,,,84.0,1:DECEASED,22.01,Stage IIA
TCGA-AA-A02W,MSS,0,,,73.0,0:LIVING,40.97,Stage I
TCGA-AA-A02Y,MSS,0,,,73.0,0:LIVING,39.95,Stage I
TCGA-AA-A03F,MSS,0,,,90.0,1:DECEASED,18.04,Stage III
TCGA-AA-A03J,MSS,0,,,65.0,0:LIVING,40.93,Stage I
TCGA-AD-5900,MSS,0,,,67.0,0:LIVING,12.16,Stage I
TCGA-AD-6548,MSS,0,,,81.0,0:LIVING,21.35,Stage I
TCGA-AD-6888,MSS,0,,,73.0,1:DECEASED,15.51,Stage IIIB
TCGA-AD-6889,MSS,0,,,76.0,1:DECEASED,83.18,Stage IIA
TCGA-AD-6890,MSS,0,,,65.0,0:LIVING,24.51,
TCGA-AD-6895,MSS,0,,,84.0,0:LIVING,25.07,Stage IIIB
TCGA-AD-6899,MSS,0,,,84.0,1:DECEASED,5.78,Stage IIIC
TCGA-AD-6901,MSS,0,,,78.0,1:DECEASED,22.4,
TCGA-AD-6963,MSS,0,,,58.0,0:LIVING,27.4,
TCGA-AD-6964,MSS,0,,,58.0,1:DECEASED,10.87,
TCGA-AD-6965,MSS,0,,,62.0,0:LIVING,26.45,Stage IIIC
TCGA-AD-A5EJ,MSS,0,,,74.0,0:LIVING,0.0,Stage IIA
TCGA-AD-A5EK,MSS,0,,,51.0,0:LIVING,16.43,Stage I
TCGA-AM-5820,MSS,0,,,59.0,0:LIVING,0.46,Stage IVA
TCGA-AM-5821,MSS,0,,,68.0,0:LIVING,0.92,Stage IIA
TCGA-AU-3779,MSS,0,,,80.0,0:LIVING,14.49,Stage IIA
TCGA-AU-6004,MSS,0,,,69.0,0:LIVING,27.07,Stage I
TCGA-AY-4070,MSS,0,,,50.0,1:DECEASED,16.29,Stage IIIC
TCGA-AY-4071,MSS,0,,,63.0,1:DECEASED,0.95,Stage I
TCGA-AY-5543,MSS,0,,,65.0,0:LIVING,32.98,Stage IVA
TCGA-AY-6196,MSS,0,,,47.0,0:LIVING,0.2,Stage IIIC
TCGA-AY-6197,MSS,0,,,60.0,0:LIVING,21.42,Stage IIA
TCGA-AY-6386,MSS,0,,,66.0,0:LIVING,17.81,Stage IIIB
TCGA-AY-A54L,MSS,0,,,74.0,0:LIVING,17.25,Stage I
TCGA-AY-A69D,MSS,0,,,55.0,0:LIVING,17.84,Stage IIA
TCGA-AY-A71X,MSS,0,,,54.0,0:LIVING,19.32,Stage I
TCGA-AY-A8YK,MSS,0,,,44.0,0:LIVING,18.82,Stage IVA
TCGA-AZ-4308,MSS,0,,,47.0,0:LIVING,109.2,Stage IIIB
TCGA-AZ-4313,MSS,0,,,51.0,0:LIVING,75.89,Stage I
TCGA-AZ-4315,MSS,0,,,61.0,0:LIVING,58.34,Stage IIA
TCGA-AZ-4614,MSS,0,,,71.0,1:DECEASED,5.65,Stage IVA
TCGA-AZ-4615,MSS,0,,,84.0,0:LIVING,32.92,Stage IIIB
TCGA-AZ-4616,MSS,0,,,82.0,1:DECEASED,5.12,Stage IV
TCGA-AZ-4681,MSS,0,,,79.0,0:LIVING,106.67,Stage IIA
TCGA-AZ-5403,MSS,0,,,43.0,1:DECEASED,62.75,Stage II
TCGA-AZ-5407,MSS,0,,,51.0,0:LIVING,88.14,Stage I
TCGA-AZ-6598,MSS,0,,,77.0,1:DECEASED,49.38,Stage II
TCGA-AZ-6600,MSS,0,,,64.0,1:DECEASED,12.09,Stage IV
TCGA-AZ-6601,MSS,0,,,68.0,1:DECEASED,99.93,Stage II
TCGA-AZ-6603,MSS,0,,,77.0,1:DECEASED,29.53,
TCGA-AZ-6605,MSS,0,,,77.0,1:DECEASED,5.22,Stage IIIB
TCGA-AZ-6606,MSS,0,,,81.0,1:DECEASED,11.73,Stage IV
TCGA-AZ-6607,MSS,0,,,69.0,1:DECEASED,3.19,Stage IV
TCGA-AZ-6608,MSS,0,,,55.0,1:DECEASED,1.94,Stage IIIA
TCGA-CA-5254,MSS,0,,,42.0,0:LIVING,12.68,Stage IIA
TCGA-CA-5255,MSS,0,,,45.0,0:LIVING,12.35,Stage IIA
TCGA-CA-5256,MSS,0,,,54.0,0:LIVING,12.45,Stage IIA
TCGA-CA-5796,MSS,0,,,52.0,0:LIVING,12.39,Stage IIA
TCGA-CA-5797,MSS,0,,,56.0,0:LIVING,12.58,Stage IIA
TCGA-CA-6715,MSS,0,,,63.0,0:LIVING,12.58,Stage IIIB
TCGA-CA-6716,MSS,0,,,65.0,0:LIVING,12.19,Stage IIA
TCGA-CA-6717,MSS,0,,,57.0,0:LIVING,12.75,Stage IIA
TCGA-CA-6718,MSS,0,,,46.0,1:DECEASED,10.05,Stage IIA
TCGA-CA-6719,MSS,0,,,77.0,0:LIVING,14.29,Stage IIA
TCGA-CK-4947,MSS,0,,,46.0,0:LIVING,17.54,Stage IIIB
TCGA-CK-4948,MSS,0,,,45.0,0:LIVING,147.9,Stage III
TCGA-CK-4950,MSS,0,,,68.0,0:LIVING,85.38,Stage IIIB
TCGA-CK-4951,MSS,0,,,79.0,1:DECEASED,70.11,Stage IIA
TCGA-CK-4952,MSS,0,,,48.0,0:LIVING,15.6,Stage IIIC
TCGA-CK-5912,MSS,0,,,81.0,1:DECEASED,49.05,Stage I
TCGA-CK-5913,MSS,0,,,58.0,0:LIVING,51.28,Stage IIA
TCGA-CK-5914,MSS,0,,,81.0,0:LIVING,21.98,Stage IIIB
TCGA-CK-5915,MSS,0,,,63.0,0:LIVING,0.0,Stage I
TCGA-CK-5916,MSS,0,,,71.0,1:DECEASED,21.12,Stage I
TCGA-CK-6746,MSS,0,,,84.0,0:LIVING,0.0,Stage IIB
TCGA-CK-6747,MSS,0,,,87.0,0:LIVING,82.88,Stage IIA
TCGA-CK-6748,MSS,0,,,45.0,0:LIVING,2.0,Stage IV
TCGA-CK-6751,MSS,0,,,88.0,0:LIVING,124.18,Stage I
TCGA-CM-4743,MSS,0,,,69.0,0:LIVING,23.03,Stage IIA
TCGA-CM-4744,MSS,0,,,69.0,0:LIVING,20.01,Stage I
TCGA-CM-4746,MSS,0,,,61.0,0:LIVING,36.99,Stage I
TCGA-CM-4747,MSS,0,,,47.0,0:LIVING,25.0,Stage IVA
TCGA-CM-4748,MSS,0,,,53.0,0:LIVING,26.02,Stage IIIB
TCGA-CM-4751,MSS,0,,,62.0,0:LIVING,27.0,Stage IIIB
TCGA-CM-4752,MSS,0,,,58.0,0:LIVING,13.01,Stage IIA
TCGA-CM-5341,MSS,0,,,82.0,0:LIVING,29.04,Stage IIIA
TCGA-CM-5344,MSS,0,,,39.0,0:LIVING,22.01,Stage IIIB
TCGA-CM-5348,MSS,0,,,72.0,0:LIVING,22.96,Stage IIIB
TCGA-CM-5349,MSS,0,,,68.0,0:LIVING,30.06,Stage IIA
TCGA-CM-5860,MSS,0,,,44.0,0:LIVING,32.0,Stage IIA
TCGA-CM-5861,MSS,0,,,63.0,0:LIVING,15.01,Stage IIA
TCGA-CM-5862,MSS,0,,,80.0,1:DECEASED,5.03,Stage IVA
TCGA-CM-5863,MSS,0,,,60.0,0:LIVING,15.01,Stage IIIB
TCGA-CM-5864,MSS,0,,,60.0,0:LIVING,15.01,Stage I
TCGA-CM-5868,MSS,0,,,59.0,0:LIVING,17.02,Stage IVA
TCGA-CM-6161,MSS,0,,,36.0,0:LIVING,15.01,Stage I
TCGA-CM-6162,MSS,0,,,48.0,0:LIVING,11.99,Stage IIIB
TCGA-CM-6163,MSS,0,,,74.0,0:LIVING,14.03,Stage I
TCGA-CM-6164,MSS,0,,,46.0,0:LIVING,29.01,Stage IIA
TCGA-CM-6165,MSS,0,,,74.0,0:LIVING,16.03,Stage IIA
TCGA-CM-6166,MSS,0,,,48.0,0:LIVING,21.98,Stage I
TCGA-CM-6167,MSS,0,,,57.0,0:LIVING,14.98,Stage IIIC
TCGA-CM-6168,MSS,0,,,84.0,0:LIVING,12.98,Stage IIA
TCGA-CM-6169,MSS,0,,,67.0,0:LIVING,13.01,Stage IIA
TCGA-CM-6170,MSS,0,,,73.0,0:LIVING,15.01,Stage I
TCGA-CM-6171,MSS,0,,,77.0,0:LIVING,14.03,Stage I
TCGA-CM-6172,MSS,0,,,70.0,0:LIVING,11.01,Stage IIIB
TCGA-CM-6674,MSS,0,,,39.0,0:LIVING,12.94,Stage IIA
TCGA-CM-6675,MSS,0,,,35.0,0:LIVING,13.04,Stage IVB
TCGA-CM-6676,MSS,0,,,82.0,0:LIVING,11.07,Stage I
TCGA-CM-6677,MSS,0,,,75.0,0:LIVING,11.07,Stage IIA
TCGA-CM-6678,MSS,0,,,63.0,0:LIVING,11.01,Stage IVA
TCGA-CM-6679,MSS,0,,,58.0,0:LIVING,10.05,Stage IIA
TCGA-CM-6680,MSS,0,,,78.0,0:LIVING,12.02,Stage IIIB
TCGA-D5-5537,MSS,0,,,83.0,1:DECEASED,45.37,
TCGA-D5-5538,MSS,0,,,60.0,1:DECEASED,54.57,Stage IIIB
TCGA-D5-5539,MSS,0,,,60.0,0:LIVING,19.58,Stage IIIA
TCGA-D5-5540,MSS,0,,,73.0,0:LIVING,56.04,Stage IIA
TCGA-D5-5541,MSS,0,,,63.0,0:LIVING,55.88,Stage IIIB
TCGA-D5-6529,MSS,0,,,69.0,0:LIVING,20.17,Stage IIA
TCGA-D5-6530,MSS,0,,,53.0,0:LIVING,20.4,Stage I
TCGA-D5-6531,MSS,0,,,75.0,0:LIVING,17.74,Stage IIA
TCGA-D5-6532,MSS,0,,,61.0,0:LIVING,18.23,Stage IIA
TCGA-D5-6533,MSS,0,,,68.0,0:LIVING,25.46,
TCGA-D5-6534,MSS,0,,,62.0,0:LIVING,43.23,Stage IIA
TCGA-D5-6535,MSS,0,,,80.0,0:LIVING,15.11,Stage IIIB
TCGA-D5-6536,MSS,0,,,73.0,0:LIVING,17.84,Stage IIA
TCGA-D5-6537,MSS,0,,,64.0,1:DECEASED,4.8,Stage IIIB
TCGA-D5-6538,MSS,0,,,79.0,0:LIVING,17.12,Stage IIIB
TCGA-D5-6539,MSS,0,,,45.0,0:LIVING,12.48,
TCGA-D5-6540,MSS,0,,,66.0,0:LIVING,16.13,Stage I
TCGA-D5-6541,MSS,0,,,49.0,0:LIVING,15.57,Stage IIA
TCGA-D5-6898,MSS,0,,,51.0,0:LIVING,7.52,Stage I
TCGA-D5-6920,MSS,0,,,77.0,0:LIVING,12.39,Stage IIA
TCGA-D5-6922,MSS,0,,,76.0,0:LIVING,10.12,Stage IIIA
TCGA-D5-6927,MSS,0,,,34.0,0:LIVING,9.43,Stage IIA
TCGA-D5-6928,MSS,0,,,80.0,0:LIVING,11.63,Stage IIA
TCGA-D5-6929,MSS,0,,,49.0,0:LIVING,13.4,Stage IV
TCGA-D5-6931,MSS,0,,,77.0,0:LIVING,11.99,Stage IIIC
TCGA-D5-6932,MSS,0,,,69.0,0:LIVING,11.37,Stage IIA
TCGA-D5-7000,MSS,0,,,79.0,0:LIVING,10.25,Stage I
TCGA-F4-6459,MSS,0,,,61.0,1:DECEASED,8.61,Stage IIIB
TCGA-F4-6460,MSS,0,,,51.0,1:DECEASED,31.93,Stage IIIB
TCGA-F4-6461,MSS,0,,,41.0,1:DECEASED,11.1,Stage IIIC
TCGA-F4-6463,MSS,0,,,51.0,0:LIVING,35.71,Stage IIA
TCGA-F4-6569,MSS,0,,,60.0,0:LIVING,35.71,Stage I
TCGA-F4-6570,MSS,0,,,78.0,1:DECEASED,6.18,Stage IIA
TCGA-G4-6293,MSS,0,,,49.0,0:LIVING,133.08,Stage III
TCGA-G4-6294,MSS,0,,,75.0,1:DECEASED,28.19,Stage IV
TCGA-G4-6295,MSS,0,,,70.0,0:LIVING,8.34,Stage II
TCGA-G4-6297,MSS,0,,,55.0,0:LIVING,82.33,Stage IV
TCGA-G4-6298,MSS,0,,,90.0,1:DECEASED,23.49,Stage IIIB
TCGA-G4-6299,MSS,0,,,69.0,0:LIVING,74.51,Stage IIIC
TCGA-G4-6302,MSS,0,,,90.0,1:DECEASED,67.25,Stage IIA
TCGA-G4-6303,MSS,0,,,54.0,1:DECEASED,65.8,Stage IV
TCGA-G4-6304,MSS,0,,,66.0,0:LIVING,53.58,Stage IIB
TCGA-G4-6306,MSS,0,,,71.0,0:LIVING,44.65,
TCGA-G4-6307,MSS,0,,,37.0,0:LIVING,54.99,Stage IIIB
TCGA-G4-6309,MSS,0,,,40.0,0:LIVING,85.41,Stage IIIB
TCGA-G4-6310,MSS,0,,,69.0,0:LIVING,63.57,Stage IIIB
TCGA-G4-6311,MSS,0,,,80.0,0:LIVING,39.39,Stage III
TCGA-G4-6314,MSS,0,,,76.0,0:LIVING,35.91,Stage IV
TCGA-G4-6315,MSS,0,,,66.0,0:LIVING,61.86,Stage IV
TCGA-G4-6317,MSS,0,,,51.0,0:LIVING,35.97,Stage IIIC
TCGA-G4-6320,MSS,0,,,73.0,0:LIVING,26.41,Stage III
TCGA-G4-6321,MSS,0,,,60.0,0:LIVING,22.08,Stage III
TCGA-G4-6322,MSS,0,,,65.0,0:LIVING,26.02,Stage IIIB
TCGA-G4-6323,MSS,0,,,50.0,0:LIVING,13.76,Stage IA
TCGA-G4-6586,MSS,0,,,73.0,0:LIVING,35.78,Stage IIA
TCGA-G4-6588,MSS,0,,,58.0,0:LIVING,26.15,Stage IIA
TCGA-G4-6626,MSS,0,,,90.0,1:DECEASED,46.71,Stage IIA
TCGA-G4-6627,MSS,0,,,84.0,0:LIVING,74.74,Stage IIA
TCGA-G4-6628,MSS,0,,,78.0,0:LIVING,79.63,Stage I
TCGA-NH-A50T,MSS,0,,,68.0,0:LIVING,18.17,Stage IIA
TCGA-NH-A50V,MSS,0,,,69.0,0:LIVING,19.32,Stage IIIB
TCGA-NH-A5IV,MSS,0,,,90.0,0:LIVING,19.32,Stage IIA
TCGA-NH-A6GA,MSS,0,,,58.0,1:DECEASED,9.92,Stage IIIC
TCGA-NH-A6GB,MSS,0,,,71.0,0:LIVING,15.64,Stage IIIC
TCGA-NH-A6GC,MSS,0,,,66.0,0:LIVING,12.78,Stage IVB
TCGA-NH-A8F7,MSS,0,,,53.0,0:LIVING,17.84,Stage IIA
TCGA-NH-A8F8,MSS,0,,,79.0,1:DECEASED,16.79,Stage IV
TCGA-QG-A5YV,MSS,0,,,64.0,0:LIVING,42.74,Stage IIIC
TCGA-QG-A5YX,MSS,0,,,61.0,0:LIVING,32.95,Stage IIA
TCGA-QG-A5Z2,MSS,0,,,61.0,0:LIVING,31.27,Stage I
TCGA-QL-A97D,MSS,0,,,84.0,0:LIVING,21.88,Stage I
TCGA-SS-A7HO,MSS,0,,,44.0,0:LIVING,60.09,Stage IIB
TCGA-WS-AB45,MSS,0,,,52.0,0:LIVING,69.97,Stage IIA
